{"cameraMode":{"drawMode":0,"name":"Shaded","section":"Shading Mode"},"sceneLighting":true,"audioPlay":false,"sceneViewState":{"showFog":true,"showMaterialUpdate":false,"showSkybox":true,"showFlares":true,"showImageEffects":true,"showParticleSystems":true},"in2DMode":false,"pivot":{"x":-18.395488739013673,"y":5.189267158508301,"z":26.652984619140626},"rotation":{"x":0.023344509303569795,"y":0.7458018660545349,"z":0.02620563842356205,"w":-0.6652721762657166},"size":1.2158546447753907,"orthographic":false}